<ImportExportXml version="9.2.23121.166" SolutionPackageVersion="9.2" languagecode="1046" generatedBy="CrmLive" xmlns:xsi="http://www.w3.org/2001/XMLSchema-instance">
  <SolutionManifest>
    <UniqueName>TreinamentoDIO</UniqueName>
    <LocalizedNames>
      <LocalizedName description="Treinamento DIO" languagecode="1046" />
    </LocalizedNames>
    <Descriptions />
    <Version>1.0.2</Version>
    <Managed>0</Managed>
    <Publisher>
      <UniqueName>dio</UniqueName>
      <LocalizedNames>
        <LocalizedName description="dio" languagecode="1046" />
      </LocalizedNames>
      <Descriptions />
      <EMailAddress xsi:nil="true"></EMailAddress>
      <SupportingWebsiteUrl xsi:nil="true"></SupportingWebsiteUrl>
      <CustomizationPrefix>dio</CustomizationPrefix>
      <CustomizationOptionValuePrefix>91430</CustomizationOptionValuePrefix>
      <Addresses>
        <Address>
          <AddressNumber>1</AddressNumber>
          <AddressTypeCode>1</AddressTypeCode>
          <City xsi:nil="true"></City>
          <County xsi:nil="true"></County>
          <Country xsi:nil="true"></Country>
          <Fax xsi:nil="true"></Fax>
          <FreightTermsCode xsi:nil="true"></FreightTermsCode>
          <ImportSequenceNumber xsi:nil="true"></ImportSequenceNumber>
          <Latitude xsi:nil="true"></Latitude>
          <Line1 xsi:nil="true"></Line1>
          <Line2 xsi:nil="true"></Line2>
          <Line3 xsi:nil="true"></Line3>
          <Longitude xsi:nil="true"></Longitude>
          <Name xsi:nil="true"></Name>
          <PostalCode xsi:nil="true"></PostalCode>
          <PostOfficeBox xsi:nil="true"></PostOfficeBox>
          <PrimaryContactName xsi:nil="true"></PrimaryContactName>
          <ShippingMethodCode>1</ShippingMethodCode>
          <StateOrProvince xsi:nil="true"></StateOrProvince>
          <Telephone1 xsi:nil="true"></Telephone1>
          <Telephone2 xsi:nil="true"></Telephone2>
          <Telephone3 xsi:nil="true"></Telephone3>
          <TimeZoneRuleVersionNumber xsi:nil="true"></TimeZoneRuleVersionNumber>
          <UPSZone xsi:nil="true"></UPSZone>
          <UTCOffset xsi:nil="true"></UTCOffset>
          <UTCConversionTimeZoneCode xsi:nil="true"></UTCConversionTimeZoneCode>
        </Address>
        <Address>
          <AddressNumber>2</AddressNumber>
          <AddressTypeCode>1</AddressTypeCode>
          <City xsi:nil="true"></City>
          <County xsi:nil="true"></County>
          <Country xsi:nil="true"></Country>
          <Fax xsi:nil="true"></Fax>
          <FreightTermsCode xsi:nil="true"></FreightTermsCode>
          <ImportSequenceNumber xsi:nil="true"></ImportSequenceNumber>
          <Latitude xsi:nil="true"></Latitude>
          <Line1 xsi:nil="true"></Line1>
          <Line2 xsi:nil="true"></Line2>
          <Line3 xsi:nil="true"></Line3>
          <Longitude xsi:nil="true"></Longitude>
          <Name xsi:nil="true"></Name>
          <PostalCode xsi:nil="true"></PostalCode>
          <PostOfficeBox xsi:nil="true"></PostOfficeBox>
          <PrimaryContactName xsi:nil="true"></PrimaryContactName>
          <ShippingMethodCode>1</ShippingMethodCode>
          <StateOrProvince xsi:nil="true"></StateOrProvince>
          <Telephone1 xsi:nil="true"></Telephone1>
          <Telephone2 xsi:nil="true"></Telephone2>
          <Telephone3 xsi:nil="true"></Telephone3>
          <TimeZoneRuleVersionNumber xsi:nil="true"></TimeZoneRuleVersionNumber>
          <UPSZone xsi:nil="true"></UPSZone>
          <UTCOffset xsi:nil="true"></UTCOffset>
          <UTCConversionTimeZoneCode xsi:nil="true"></UTCConversionTimeZoneCode>
        </Address>
      </Addresses>
    </Publisher>
    <RootComponents>
      <RootComponent type="1" schemaName="account" behavior="1" />
      <RootComponent type="1" schemaName="appaction" behavior="1" />
      <RootComponent type="1" schemaName="contact" behavior="2" />
      <RootComponent type="1" schemaName="dio_aluno" behavior="0" />
      <RootComponent type="1" schemaName="dio_alunosxcursos" behavior="0" />
      <RootComponent type="1" schemaName="dio_calendariodoaluno" behavior="0" />
      <RootComponent type="1" schemaName="dio_cursos" behavior="0" />
      <RootComponent type="1" schemaName="dio_cursosxinstrutores" behavior="0" />
      <RootComponent type="1" schemaName="dio_formacaoacademica" behavior="0" />
      <RootComponent type="1" schemaName="dio_instrutores" behavior="0" />
      <RootComponent type="1" schemaName="task" behavior="1" />
      <RootComponent type="29" id="{013cd88f-b49a-ee11-be37-000d3a888366}" behavior="0" />
      <RootComponent type="29" id="{071fde2d-2fa1-ee11-a569-000d3a888366}" behavior="0" />
      <RootComponent type="29" id="{3b70eb92-d29a-ee11-be37-000d3a888366}" behavior="0" />
      <RootComponent type="29" id="{587e3985-419f-ee11-a569-000d3a888366}" behavior="0" />
      <RootComponent type="29" id="{83ad6d50-a643-48d6-a6d8-396ffc14225d}" behavior="0" />
      <RootComponent type="29" id="{9bbab47c-8f35-468d-be9b-9af354b9aa94}" behavior="0" />
      <RootComponent type="29" id="{aaa65a76-ad55-43f0-83a2-028162b4d27c}" behavior="0" />
      <RootComponent type="29" id="{c1be925b-7f9e-ee11-a569-000d3a888366}" behavior="0" />
      <RootComponent type="29" id="{e442e0c5-d965-4fc0-ab54-cc6292461623}" behavior="0" />
      <RootComponent type="61" schemaName="dio_logoDio" behavior="0" />
      <RootComponent type="61" schemaName="dio_scriptcallmyaction" behavior="0" />
      <RootComponent type="62" schemaName="dio_Treinamento" behavior="0" />
      <RootComponent type="80" schemaName="dio_Treinamento" behavior="0" />
      <RootComponent type="91" id="{f212b04c-b6e0-4192-9698-11b02401016d}" schemaName="PluginsTreinamento, Version=1.0.0.0, Culture=neutral, PublicKeyToken=74e269de207cba6e" behavior="0" />
      <RootComponent type="300" schemaName="dio_aplicaoteste_3ac1d" behavior="0" />
      <RootComponent type="300" schemaName="dio_appinstrutoreshabilitados_b87e3" behavior="0" />
    </RootComponents>
    <MissingDependencies>
      <MissingDependency>
        <Required type="1" schemaName="appaction" displayName="Ação do Aplicativo" solution="msdyn_PowerAppsActions (9.1.0.45)" />
        <Dependent type="1" schemaName="appaction" displayName="Ação do Aplicativo" />
      </MissingDependency>
      <MissingDependency>
        <Required type="59" schemaName="Tarefas por Mês de Conclusão" displayName="Tarefas por Mês de Conclusão" parentSchemaName="task" parentDisplayName="Tarefa" solution="msdynce_AppCommon (9.0.4.0066)" id="{9e6a8b06-6d14-46e6-bbf5-95c388c6eb7a}">
          <package>msdynce_AppCommonAnchor (9.0.23121.10001)</package>
        </Required>
        <Dependent type="60" displayName="Informações" parentDisplayName="Alunos" id="{a9dff7be-2489-4fad-b521-40b0e94eb176}" />
      </MissingDependency>
      <MissingDependency>
        <Required type="61" schemaName="msdyn_/Images/AppModule_Default_Icon.png" displayName="msdyn_/Images/AppModule_Default_Icon.png" solution="AppModuleWebResources (2.5)" />
        <Dependent type="80" schemaName="dio_Treinamento" displayName="Treinamento" />
      </MissingDependency>
      <MissingDependency>
        <Required type="66" schemaName="MscrmControls.Canvas.CanvasControl" displayName="MscrmControls.Canvas.CanvasControl" solution="BaseCustomControlsCore (9.0.2311.4032)" />
        <Dependent type="60" displayName="Informações" parentDisplayName="Cursos" id="{b96ffca7-10bd-428f-9439-a53d85ec2c1d}" />
      </MissingDependency>
    </MissingDependencies>
  </SolutionManifest>
</ImportExportXml>